{
    "A": 219.78002990414616,
    "B": 233.1811939493459,
    "Select": 246.58658982504944,
    "Start": 261.4484275423059,
    "→": 276.90715786191819,
    "←": 293.29082102377438,
    "↑": 311.0896957877817,
    "↓": 328.9776378738865,
    "R": 348.94025314710657,
    "L": 369.58943205882948,
    "X": 391.6149029386367,
    "Y": 414.9795139929541,
    "Top": 502.015579967094,
    "Left": 503.3641409996227,
    "Bottom": 880.538437200742,
    "Right": 1006.8721806817812
}